"binomial","genus","species","family"
"Equisetum arvense","Equisetum","arvense","Equisetaceae"
"Equisetum laevigatum","Equisetum","laevigatum","Equisetaceae"
"Equisetum variegatum","Equisetum","variegatum","Equisetaceae"
"Isoetes bolanderi","Isoetes","bolanderi","Isoetaceae"
"Spinulum annotinum","Spinulum","annotinum","Lycopodiaceae"
"Selaginella densa","Selaginella","densa","Selaginellaceae"
"Asplenium trichomanes","Asplenium","trichomanes","Aspleniaceae"
"Asplenium viride","Asplenium","viride","Aspleniaceae"
"Pteridium aquilinum","Pteridium","aquilinum","Dennstaedtiaceae"
"Athyrium filix","Athyrium","filix","Athyriaceae"
"Gymnocarpium dryopteris","Gymnocarpium","dryopteris","Cystopteridaceae"
"Botrychium hesperium","Botrychium","hesperium","Ophioglossaceae"
"Botrychium lunaria","Botrychium","lunaria","Ophioglossaceae"
"Cystopteris fragilis","Cystopteris","fragilis","Cystopteridaceae"
"Polystichum lonchitis","Polystichum","lonchitis","Dryopteridaceae"
"Woodsia oregana","Woodsia","oregana","Woodsiaceae"
"Cryptogramma acrostichoides","Cryptogramma","acrostichoides","Pteridaceae"
"Cryptogramma stelleri","Cryptogramma","stelleri","Pteridaceae"
"Juniperus communis","Juniperus","communis","Cupressaceae"
"Abies lasiocarpa","Abies","lasiocarpa","Pinaceae"
"Picea engelmannii","Picea","engelmannii","Pinaceae"
"Pinus contorta","Pinus","contorta","Pinaceae"
"Pinus aristata","Pinus","aristata","Pinaceae"
"Pseudotsuga menziesii","Pseudotsuga","menziesii","Pinaceae"
"Acer glabrum","Acer","glabrum","Sapindaceae"
"Adoxa moschatellina","Adoxa","moschatellina","Adoxaceae"
"Yucca glauca","Yucca","glauca","Asparagaceae"
"Angelica ampla","Angelica","ampla","Apiaceae"
"Angelica grayi","Angelica","grayi","Apiaceae"
"Conioselinum scopulorum","Conioselinum","scopulorum","Apiaceae"
"Oreoxis alpina","Oreoxis","alpina","Apiaceae"
"Pseudocymopterus montanus","Pseudocymopterus","montanus","Apiaceae"
"Heracleum sphondylium","Heracleum","sphondylium","Apiaceae"
"Ligusticum tenuifolium","Ligusticum","tenuifolium","Apiaceae"
"Ligusticum apiifolium","Ligusticum","apiifolium","Apiaceae"
"Ligusticum porteri","Ligusticum","porteri","Apiaceae"
"Lomatium dissectum","Lomatium","dissectum","Apiaceae"
"Osmorhiza depauperata","Osmorhiza","depauperata","Apiaceae"
"Osmorhiza occidentalis","Osmorhiza","occidentalis","Apiaceae"
"Oxypolis fendleri","Oxypolis","fendleri","Apiaceae"
"Apocynum androsaemifolium","Apocynum","androsaemifolium","Apocynaceae"
"Asclepias speciosa","Asclepias","speciosa","Apocynaceae"
"Asclepias subverticillata","Asclepias","subverticillata","Apocynaceae"
"Achillea millefolium","Achillea","millefolium","Asteraceae"
"Agoseris aurantiaca","Agoseris","aurantiaca","Asteraceae"
"Agoseris glauca","Agoseris","glauca","Asteraceae"
"Anaphalis margaritacea","Anaphalis","margaritacea","Asteraceae"
"Antennaria anaphaloides","Antennaria","anaphaloides","Asteraceae"
"Antennaria pulcherrima","Antennaria","pulcherrima","Asteraceae"
"Antennaria corymbosa","Antennaria","corymbosa","Asteraceae"
"Antennaria dimorpha","Antennaria","dimorpha","Asteraceae"
"Antennaria media","Antennaria","media","Asteraceae"
"Antennaria microphylla","Antennaria","microphylla","Asteraceae"
"Antennaria parvifolia","Antennaria","parvifolia","Asteraceae"
"Antennaria rosea","Antennaria","rosea","Asteraceae"
"Antennaria rosulata","Antennaria","rosulata","Asteraceae"
"Antennaria umbrinella","Antennaria","umbrinella","Asteraceae"
"Arnica chamissonis","Arnica","chamissonis","Asteraceae"
"Arnica cordifolia","Arnica","cordifolia","Asteraceae"
"Arnica latifolia","Arnica","latifolia","Asteraceae"
"Arnica longifolia","Arnica","longifolia","Asteraceae"
"Arnica mollis","Arnica","mollis","Asteraceae"
"Arnica parryi","Arnica","parryi","Asteraceae"
"Arnica rydbergii","Arnica","rydbergii","Asteraceae"
"Artemisia cana","Artemisia","cana","Asteraceae"
"Artemisia dracunculus","Artemisia","dracunculus","Asteraceae"
"Artemisia frigida","Artemisia","frigida","Asteraceae"
"Artemisia ludoviciana","Artemisia","ludoviciana","Asteraceae"
"Artemisia scopulorum","Artemisia","scopulorum","Asteraceae"
"Artemisia tridentata","Artemisia","tridentata","Asteraceae"
"Symphyotrichum ascendens","Symphyotrichum","ascendens","Asteraceae"
"Eucephalus engelmannii","Eucephalus","engelmannii","Asteraceae"
"Symphyotrichum foliaceum","Symphyotrichum","foliaceum","Asteraceae"
"Herrickia glauca","Herrickia","glauca","Asteraceae"
"Symphyotrichum spathulatum","Symphyotrichum","spathulatum","Asteraceae"
"Grindelia inuloides","Grindelia","inuloides","Asteraceae"
"Symphyotrichum eatonii","Symphyotrichum","eatonii","Asteraceae"
"Almutaster pauciflorus","Almutaster","pauciflorus","Asteraceae"
"Amauriopsis dissecta","Amauriopsis","dissecta","Asteraceae"
"Balsamorhiza sagittata","Balsamorhiza","sagittata","Asteraceae"
"Brickellia grandiflora","Brickellia","grandiflora","Asteraceae"
"Carduus nutans","Carduus","nutans","Asteraceae"
"Chaenactis douglasii","Chaenactis","douglasii","Asteraceae"
"Leucanthemum vulgare","Leucanthemum","vulgare","Asteraceae"
"Chrysothamnus viscidiflorus","Chrysothamnus","viscidiflorus","Asteraceae"
"Cirsium arvense","Cirsium","arvense","Asteraceae"
"Cirsium scariosum var. americanum","Cirsium","scariosum","Asteraceae"
"Cirsium eatonii","Cirsium","eatonii","Asteraceae"
"Cirsium parryi","Cirsium","parryi","Asteraceae"
"Cirsium eriophorum","Cirsium","eriophorum","Asteraceae"
"Cirsium undulatum","Cirsium","undulatum","Asteraceae"
"Crepis acuminata","Crepis","acuminata","Asteraceae"
"Crepis intermedia","Crepis","intermedia","Asteraceae"
"Crepis nana","Crepis","nana","Asteraceae"
"Askellia pygmaea","Askellia","pygmaea","Asteraceae"
"Crepis runcinata","Crepis","runcinata","Asteraceae"
"Ericameria discoidea","Ericameria","discoidea","Asteraceae"
"Ericameria nauseosa","Ericameria","nauseosa","Asteraceae"
"Ericameria parryi","Ericameria","parryi","Asteraceae"
"Erigeron acris","Erigeron","acris","Asteraceae"
"Erigeron elatus","Erigeron","elatus","Asteraceae"
"Erigeron compositus","Erigeron","compositus","Asteraceae"
"Erigeron coulteri","Erigeron","coulteri","Asteraceae"
"Erigeron eatonii","Erigeron","eatonii","Asteraceae"
"Erigeron elatior","Erigeron","elatior","Asteraceae"
"Erigeron eximius","Erigeron","eximius","Asteraceae"
"Erigeron flagellaris","Erigeron","flagellaris","Asteraceae"
"Erigeron formosissimus","Erigeron","formosissimus","Asteraceae"
"Erigeron glabellus","Erigeron","glabellus","Asteraceae"
"Erigeron leiomerus","Erigeron","leiomerus","Asteraceae"
"Erigeron lonchophyllus","Erigeron","lonchophyllus","Asteraceae"
"Erigeron melanocephalus","Erigeron","melanocephalus","Asteraceae"
"Erigeron peregrinus","Erigeron","peregrinus","Asteraceae"
"Erigeron pinnatisectus","Erigeron","pinnatisectus","Asteraceae"
"Erigeron pumilus","Erigeron","pumilus","Asteraceae"
"Erigeron simplex","Erigeron","simplex","Asteraceae"
"Erigeron speciosus","Erigeron","speciosus","Asteraceae"
"Erigeron subtrinervis","Erigeron","subtrinervis","Asteraceae"
"Erigeron vagus","Erigeron","vagus","Asteraceae"
"Gnaphalium exilifolium","Gnaphalium","exilifolium","Asteraceae"
"Gnaphalium uliginosum","Gnaphalium","uliginosum","Asteraceae"
"Helianthella quinquenervis","Helianthella","quinquenervis","Asteraceae"
"Heterotheca villosa","Heterotheca","villosa","Asteraceae"
"Hieracium fendleri","Hieracium","fendleri","Asteraceae"
"Hieracium triste","Hieracium","triste","Asteraceae"
"Hymenoxys hoopesii","Hymenoxys","hoopesii","Asteraceae"
"Lactuca canadensis","Lactuca","canadensis","Asteraceae"
"Dieteria bigelovii","Dieteria","bigelovii","Asteraceae"
"Dieteria canescens","Dieteria","canescens","Asteraceae"
"Madia glomerata","Madia","glomerata","Asteraceae"
"Matricaria matricarioides","Matricaria","matricarioides","Asteraceae"
"Matricaria discoidea","Matricaria","discoidea","Asteraceae"
"Tripleurospermum maritimum subsp. inodorum","Tripleurospermum","maritimum","Asteraceae"
"Packera cana","Packera","cana","Asteraceae"
"Packera crocata","Packera","crocata","Asteraceae"
"Packera dimorphophylla","Packera","dimorphophylla","Asteraceae"
"Packera porteri","Packera","porteri","Asteraceae"
"Packera pseudaurea","Packera","pseudaurea","Asteraceae"
"Packera streptanthifolia","Packera","streptanthifolia","Asteraceae"
"Senecio muirii","Senecio","muirii","Asteraceae"
"Petasites frigidus var. sagittatus","Petasites","frigidus","Asteraceae"
"Pseudognaphalium viscosum","Pseudognaphalium","viscosum","Asteraceae"
"Pyrrocoma crocea","Pyrrocoma","crocea","Asteraceae"
"Rudbeckia occidentalis","Rudbeckia","occidentalis","Asteraceae"
"Senecio amplectens","Senecio","amplectens","Asteraceae"
"Senecio atratus","Senecio","atratus","Asteraceae"
"Senecio bigelovii","Senecio","bigelovii","Asteraceae"
"Senecio integerrimus","Senecio","integerrimus","Asteraceae"
"Senecio eremophilus","Senecio","eremophilus","Asteraceae"
"Senecio fremontii","Senecio","fremontii","Asteraceae"
"Senecio pudicus","Senecio","pudicus","Asteraceae"
"Senecio serra","Senecio","serra","Asteraceae"
"Senecio soldanella","Senecio","soldanella","Asteraceae"
"Senecio triangularis","Senecio","triangularis","Asteraceae"
"Solidago canadensis","Solidago","canadensis","Asteraceae"
"Solidago missouriensis","Solidago","missouriensis","Asteraceae"
"Solidago multiradiata","Solidago","multiradiata","Asteraceae"
"Oreochrysum parryi","Oreochrysum","parryi","Asteraceae"
"Solidago simplex","Solidago","simplex","Asteraceae"
"Taraxacum ceratophorum","Taraxacum","ceratophorum","Asteraceae"
"Taraxacum ovinum","Taraxacum","ovinum","Asteraceae"
"Taraxacum erythrospermum","Taraxacum","erythrospermum","Asteraceae"
"Taraxacum alaskanum","Taraxacum","alaskanum","Asteraceae"
"Taraxacum scopulorum","Taraxacum","scopulorum","Asteraceae"
"Taraxacum officinale","Taraxacum","officinale","Asteraceae"
"Tetradymia canescens","Tetradymia","canescens","Asteraceae"
"Hymenoxys grandiflora","Hymenoxys","grandiflora","Asteraceae"
"Thelesperma megapotamicum","Thelesperma","megapotamicum","Asteraceae"
"Tonestus pygmaeus","Tonestus","pygmaeus","Asteraceae"
"Townsendia leptotes","Townsendia","leptotes","Asteraceae"
"Townsendia rothrockii","Townsendia","rothrockii","Asteraceae"
"Tragopogon dubius","Tragopogon","dubius","Asteraceae"
"Tragopogon pratensis","Tragopogon","pratensis","Asteraceae"
"Verbesina encelioides","Verbesina","encelioides","Asteraceae"
"Heliomeris multiflora","Heliomeris","multiflora","Asteraceae"
"Wyethia amplexicaulis","Wyethia","amplexicaulis","Asteraceae"
"Wyethia arizonica","Wyethia","arizonica","Asteraceae"
"Berberis repens","Berberis","repens","Berberidaceae"
"Alnus incana","Alnus","incana","Betulaceae"
"Betula glandulosa","Betula","glandulosa","Betulaceae"
"Hackelia floribunda","Hackelia","floribunda","Boraginaceae"
"Mertensia alpina","Mertensia","alpina","Boraginaceae"
"Mertensia bakeri","Mertensia","bakeri","Boraginaceae"
"Mertensia ciliata","Mertensia","ciliata","Boraginaceae"
"Mertensia fusiformis","Mertensia","fusiformis","Boraginaceae"
"Mertensia lanceolata","Mertensia","lanceolata","Boraginaceae"
"Mertensia viridis","Mertensia","viridis","Boraginaceae"
"Plagiobothrys scouleri","Plagiobothrys","scouleri","Boraginaceae"
"Boechera divaricarpa","Boechera","divaricarpa","Brassicaceae"
"Boechera stricta","Boechera","stricta","Brassicaceae"
"Boechera fendleri","Boechera","fendleri","Brassicaceae"
"Turritis glabra","Turritis","glabra","Brassicaceae"
"Arabis hirsuta","Arabis","hirsuta","Brassicaceae"
"Boechera lemmonii","Boechera","lemmonii","Brassicaceae"
"Boechera lignifera","Boechera","lignifera","Brassicaceae"
"Boechera gracilenta","Boechera","gracilenta","Brassicaceae"
"Boechera selbyi","Boechera","selbyi","Brassicaceae"
"Barbarea orthoceras","Barbarea","orthoceras","Brassicaceae"
"Barbarea vulgaris","Barbarea","vulgaris","Brassicaceae"
"Camelina microcarpa","Camelina","microcarpa","Brassicaceae"
"Cardamine cordifolia","Cardamine","cordifolia","Brassicaceae"
"Cardamine pensylvanica","Cardamine","pensylvanica","Brassicaceae"
"Lepidium draba","Lepidium","draba","Brassicaceae"
"Chorispora tenella","Chorispora","tenella","Brassicaceae"
"Descurainia californica","Descurainia","californica","Brassicaceae"
"Descurainia incana","Descurainia","incana","Brassicaceae"
"Descurainia pinnata","Descurainia","pinnata","Brassicaceae"
"Draba albertina","Draba","albertina","Brassicaceae"
"Draba aurea","Draba","aurea","Brassicaceae"
"Draba crassa","Draba","crassa","Brassicaceae"
"Draba crassifolia","Draba","crassifolia","Brassicaceae"
"Draba fladnizensis","Draba","fladnizensis","Brassicaceae"
"Draba nemorosa","Draba","nemorosa","Brassicaceae"
"Draba lonchocarpa","Draba","lonchocarpa","Brassicaceae"
"Draba oligosperma","Draba","oligosperma","Brassicaceae"
"Draba spectabilis","Draba","spectabilis","Brassicaceae"
"Erysimum asperum","Erysimum","asperum","Brassicaceae"
"Erysimum cheiranthoides","Erysimum","cheiranthoides","Brassicaceae"
"Erysimum inconspicum","Erysimum","inconspicum","Brassicaceae"
"Lepidium densiflorum","Lepidium","densiflorum","Brassicaceae"
"Lepidium montanum","Lepidium","montanum","Brassicaceae"
"Lepidium ramosissimum","Lepidium","ramosissimum","Brassicaceae"
"Nasturtium officinale","Nasturtium","officinale","Brassicaceae"
"Thlaspi montanum","Thlaspi","montanum","Brassicaceae"
"Physaria acutifolia","Physaria","acutifolia","Brassicaceae"
"Physaria alpina","Physaria","alpina","Brassicaceae"
"Physaria floribunda","Physaria","floribunda","Brassicaceae"
"Rorippa curvipes","Rorippa","curvipes","Brassicaceae"
"Rorippa curvisiliqua","Rorippa","curvisiliqua","Brassicaceae"
"Rorippa islandica","Rorippa","islandica","Brassicaceae"
"Rorippa palustris","Rorippa","palustris","Brassicaceae"
"Rorippa teres","Rorippa","teres","Brassicaceae"
"Schoenocrambe linifolia","Schoenocrambe","linifolia","Brassicaceae"
"Smelowskia calycina","Smelowskia","calycina","Brassicaceae"
"Thlaspi arvense","Thlaspi","arvense","Brassicaceae"
"Callitriche hermaphroditica","Callitriche","hermaphroditica","Plantaginaceae"
"Callitriche palustris","Callitriche","palustris","Plantaginaceae"
"Callitriche antarctica","Callitriche","antarctica","Plantaginaceae"
"Campanula parryi","Campanula","parryi","Campanulaceae"
"Campanula rotundifolia","Campanula","rotundifolia","Campanulaceae"
"Campanula uniflora","Campanula","uniflora","Campanulaceae"
"Linnaea borealis","Linnaea","borealis","Linnaeaceae"
"Lonicera involucrata","Lonicera","involucrata","Caprifoliaceae"
"Sambucus racemosa","Sambucus","racemosa","Adoxaceae"
"Symphoricarpos oreophilus","Symphoricarpos","oreophilus","Caprifoliaceae"
"Symphoricarpos rotundifolius","Symphoricarpos","rotundifolius","Caprifoliaceae"
"Eremogone congesta","Eremogone","congesta","Caryophyllaceae"
"Cerastium arvense","Cerastium","arvense","Caryophyllaceae"
"Cerastium beeringianum","Cerastium","beeringianum","Caryophyllaceae"
"Cherleria obtusiloba","Cherleria","obtusiloba","Caryophyllaceae"
"Sabulina rubella","Sabulina","rubella","Caryophyllaceae"
"Arenaria leptophylla","Arenaria","leptophylla","Caryophyllaceae"
"Moehringia macrophylla","Moehringia","macrophylla","Caryophyllaceae"
"Pseudostellaria jamesiana","Pseudostellaria","jamesiana","Caryophyllaceae"
"Sagina saginoides","Sagina","saginoides","Caryophyllaceae"
"Silene acaulis","Silene","acaulis","Caryophyllaceae"
"Silene drummondii","Silene","drummondii","Caryophyllaceae"
"Silene hitchguirei","Silene","hitchguirei","Caryophyllaceae"
"Silene uralensis","Silene","uralensis","Caryophyllaceae"
"Silene kingii","Silene","kingii","Caryophyllaceae"
"Silene latifolia","Silene","latifolia","Caryophyllaceae"
"Silene dioica","Silene","dioica","Caryophyllaceae"
"Silene menziesii","Silene","menziesii","Caryophyllaceae"
"Silene scouleri","Silene","scouleri","Caryophyllaceae"
"Silene vulgaris","Silene","vulgaris","Caryophyllaceae"
"Stellaria calycantha","Stellaria","calycantha","Caryophyllaceae"
"Stellaria irrigua","Stellaria","irrigua","Caryophyllaceae"
"Stellaria longifolia","Stellaria","longifolia","Caryophyllaceae"
"Stellaria longipes","Stellaria","longipes","Caryophyllaceae"
"Stellaria umbellata","Stellaria","umbellata","Caryophyllaceae"
"Paxistima myrsinites","Paxistima","myrsinites","Celastraceae"
"Chenopodium album","Chenopodium","album","Amaranthaceae"
"Chenopodium atrovirens","Chenopodium","atrovirens","Amaranthaceae"
"Chenopodium fremontii","Chenopodium","fremontii","Amaranthaceae"
"Blitum hastatum","Blitum","hastatum","Chenopodiaceae"
"Blitum virgatum","Blitum","virgatum","Chenopodiaceae"
"Blitum nuttallianum","Blitum","nuttallianum","Chenopodiaceae"
"Convolvulus arvensis","Convolvulus","arvensis","Convolvulaceae"
"Cornus sericea","Cornus","sericea","Cornaceae"
"Rhodiola integrifolia","Rhodiola","integrifolia","Crassulaceae"
"Rhodiola rhodantha","Rhodiola","rhodantha","Crassulaceae"
"Sedum stenopetalum","Sedum","stenopetalum","Crassulaceae"
"Sedum lanceolatum","Sedum","lanceolatum","Crassulaceae"
"Carex albonigra","Carex","albonigra","Cyperaceae"
"Carex aquatilis","Carex","aquatilis","Cyperaceae"
"Carex arapahoensis","Carex","arapahoensis","Cyperaceae"
"Carex atrata","Carex","atrata","Cyperaceae"
"Carex chalciolepis","Carex","chalciolepis","Cyperaceae"
"Carex atrosquama","Carex","atrosquama","Cyperaceae"
"Carex aurea","Carex","aurea","Cyperaceae"
"Carex bella","Carex","bella","Cyperaceae"
"Carex brevior","Carex","brevior","Cyperaceae"
"Carex breweri","Carex","breweri","Cyperaceae"
"Carex engelmannii","Carex","engelmannii","Cyperaceae"
"Carex buxbaumii","Carex","buxbaumii","Cyperaceae"
"Carex canescens","Carex","canescens","Cyperaceae"
"Carex capillaris","Carex","capillaris","Cyperaceae"
"Carex disperma","Carex","disperma","Cyperaceae"
"Carex ebenea","Carex","ebenea","Cyperaceae"
"Carex egglestonii","Carex","egglestonii","Cyperaceae"
"Carex elynoides","Carex","elynoides","Cyperaceae"
"Carex foenea","Carex","foenea","Cyperaceae"
"Carex geyeri","Carex","geyeri","Cyperaceae"
"Carex gynocrates","Carex","gynocrates","Cyperaceae"
"Carex dioica","Carex","dioica","Cyperaceae"
"Carex haydeniana","Carex","haydeniana","Cyperaceae"
"Carex hoodii","Carex","hoodii","Cyperaceae"
"Carex illota","Carex","illota","Cyperaceae"
"Carex interior","Carex","interior","Cyperaceae"
"Carex laeviculmis","Carex","laeviculmis","Cyperaceae"
"Carex pellita","Carex","pellita","Cyperaceae"
"Carex microptera","Carex","microptera","Cyperaceae"
"Carex nardina","Carex","nardina","Cyperaceae"
"Carex nelsonii","Carex","nelsonii","Cyperaceae"
"Carex nigricans","Carex","nigricans","Cyperaceae"
"Carex norvegica","Carex","norvegica","Cyperaceae"
"Carex nova","Carex","nova","Cyperaceae"
"Carex magellanica","Carex","magellanica","Cyperaceae"
"Carex phaeocephala","Carex","phaeocephala","Cyperaceae"
"Carex pyrenaica","Carex","pyrenaica","Cyperaceae"
"Carex raynoldsii","Carex","raynoldsii","Cyperaceae"
"Carex retrorsa","Carex","retrorsa","Cyperaceae"
"Carex rossii","Carex","rossii","Cyperaceae"
"Carex rupestris","Carex","rupestris","Cyperaceae"
"Carex sartwellii","Carex","sartwellii","Cyperaceae"
"Carex saxatilis","Carex","saxatilis","Cyperaceae"
"Carex stenophylla","Carex","stenophylla","Cyperaceae"
"Carex utriculata","Carex","utriculata","Cyperaceae"
"Carex vesicaria","Carex","vesicaria","Cyperaceae"
"Eleocharis palustris","Eleocharis","palustris","Cyperaceae"
"Eriophorum angustifolium","Eriophorum","angustifolium","Cyperaceae"
"Eriophorum scheuchzeri","Eriophorum","scheuchzeri","Cyperaceae"
"Carex myosuroides","Carex","myosuroides","Cyperaceae"
"Schoenoplectus tabernaemontani","Schoenoplectus","tabernaemontani","Typhaceae"
"Schoenoplectus lacustris","Schoenoplectus","lacustris","Typhaceae"
"Shepherdia canadensis","Shepherdia","canadensis","Elaeagnaceae"
"Elatine rubella","Elatine","rubella","Elatinaceae"
"Elatine triandra","Elatine","triandra","Elatinaceae"
"Arctostaphylos uva-ursi","Arctostaphylos","uva","Ericaceae"
"Gaultheria humifusa","Gaultheria","humifusa","Ericaceae"
"Kalmia microphylla","Kalmia","microphylla","Ericaceae"
"Moneses uniflora","Moneses","uniflora","Ericaceae"
"Orthilia secunda","Orthilia","secunda","Ericaceae"
"Pyrola asarifolia","Pyrola","asarifolia","Ericaceae"
"Pyrola rotundifolia","Pyrola","rotundifolia","Ericaceae"
"Pyrola chlorantha","Pyrola","chlorantha","Ericaceae"
"Pyrola minor","Pyrola","minor","Ericaceae"
"Vaccinium caespitosum","Vaccinium","caespitosum","Ericaceae"
"Vaccinium myrtillus","Vaccinium","myrtillus","Ericaceae"
"Vaccinium scoparium","Vaccinium","scoparium","Ericaceae"
"Astragalus alpinus","Astragalus","alpinus","Fabaceae"
"Astragalus bodinii","Astragalus","bodinii","Fabaceae"
"Astragalus cicer","Astragalus","cicer","Fabaceae"
"Astragalus eucosmus","Astragalus","eucosmus","Fabaceae"
"Astragalus molybdenus","Astragalus","molybdenus","Fabaceae"
"Astragalus robbinsii","Astragalus","robbinsii","Fabaceae"
"Hedysarum occidentale","Hedysarum","occidentale","Fabaceae"
"Hedysarum boreale","Hedysarum","boreale","Fabaceae"
"Lathyrus lanszwertii","Lathyrus","lanszwertii","Fabaceae"
"Lathyrus leucanthus","Lathyrus","leucanthus","Fabaceae"
"Lupinus argenteus","Lupinus","argenteus","Fabaceae"
"Lupinus caudatus","Lupinus","caudatus","Fabaceae"
"Lupinus lepidus","Lupinus","lepidus","Fabaceae"
"Lupinus caespitosus","Lupinus","caespitosus","Fabaceae"
"Lupinus polyphyllus","Lupinus","polyphyllus","Fabaceae"
"Lupinus bakeri","Lupinus","bakeri","Fabaceae"
"Medicago lupulina","Medicago","lupulina","Fabaceae"
"Medicago sativa","Medicago","sativa","Fabaceae"
"Melilotus albus","Melilotus","albus","Fabaceae"
"Melilotus officinalis","Melilotus","officinalis","Fabaceae"
"Oxytropis deflexa","Oxytropis","deflexa","Fabaceae"
"Oxytropis lambertii","Oxytropis","lambertii","Fabaceae"
"Oxytropis podocarpa","Oxytropis","podocarpa","Fabaceae"
"Oxytropis borealis var. viscida","Oxytropis","borealis","Fabaceae"
"Trifolium dasyphyllum","Trifolium","dasyphyllum","Fabaceae"
"Trifolium hybridum","Trifolium","hybridum","Fabaceae"
"Trifolium longipes","Trifolium","longipes","Fabaceae"
"Trifolium rusbyi","Trifolium","rusbyi","Fabaceae"
"Trifolium parryi","Trifolium","parryi","Fabaceae"
"Trifolium pratense","Trifolium","pratense","Fabaceae"
"Trifolium repens","Trifolium","repens","Fabaceae"
"Vicia americana","Vicia","americana","Fabaceae"
"Corydalis aurea","Corydalis","aurea","Papaveraceae"
"Corydalis caseana","Corydalis","caseana","Papaveraceae"
"Frasera speciosa","Frasera","speciosa","Gentianaceae"
"Gentiana affinis","Gentiana","affinis","Gentianaceae"
"Gentiana algida","Gentiana","algida","Gentianaceae"
"Gentiana aquatica","Gentiana","aquatica","Gentianaceae"
"Gentiana fremontii","Gentiana","fremontii","Gentianaceae"
"Gentiana parryi","Gentiana","parryi","Gentianaceae"
"Gentianella amarella","Gentianella","amarella","Gentianaceae"
"Gentianella acuta","Gentianella","acuta","Gentianaceae"
"Gentianella heterosepala","Gentianella","heterosepala","Gentianaceae"
"Gentianopsis barbellata","Gentianopsis","barbellata","Gentianaceae"
"Gentianopsis detonsa","Gentianopsis","detonsa","Gentianaceae"
"Gentianopsis thermalis","Gentianopsis","thermalis","Gentianaceae"
"Swertia perennis","Swertia","perennis","Gentianaceae"
"Geranium richardsonii","Geranium","richardsonii","Geraniaceae"
"Geranium viscosissimum","Geranium","viscosissimum","Geraniaceae"
"Ribes cereum","Ribes","cereum","Grossulariaceae"
"Ribes laxiflorum","Ribes","laxiflorum","Grossulariaceae"
"Ribes inerme","Ribes","inerme","Grossulariaceae"
"Ribes lacustre","Ribes","lacustre","Grossulariaceae"
"Ribes montigenum","Ribes","montigenum","Grossulariaceae"
"Ribes wolfii","Ribes","wolfii","Grossulariaceae"
"Hippuris vulgaris","Hippuris","vulgaris","Plantaginaceae"
"Hydrophyllum capitatum","Hydrophyllum","capitatum","Hydrophyllaceae"
"Hydrophyllum fendleri","Hydrophyllum","fendleri","Hydrophyllaceae"
"Nemophila breviflora","Nemophila","breviflora","Boraginaceae"
"Phacelia hastata","Phacelia","hastata","Boraginaceae"
"Phacelia heterophylla","Phacelia","heterophylla","Boraginaceae"
"Phacelia sericea","Phacelia","sericea","Boraginaceae"
"Hypericum formosum","Hypericum","formosum","Hypericaceae"
"Iris missouriensis","Iris","missouriensis","Iridaceae"
"Sisyrinchium idahoense","Sisyrinchium","idahoense","Iridaceae"
"Sisyrinchium montanum","Sisyrinchium","montanum","Iridaceae"
"Juncus arcticus","Juncus","arcticus","Juncaceae"
"Juncus confusus","Juncus","confusus","Juncaceae"
"Juncus drummondii","Juncus","drummondii","Juncaceae"
"Juncus ensifolius","Juncus","ensifolius","Juncaceae"
"Juncus saximontanus","Juncus","saximontanus","Juncaceae"
"Juncus tracyi","Juncus","tracyi","Juncaceae"
"Juncus longistylis","Juncus","longistylis","Juncaceae"
"Juncus mertensianus","Juncus","mertensianus","Juncaceae"
"Juncus parryi","Juncus","parryi","Juncaceae"
"Luzula comosa","Luzula","comosa","Juncaceae"
"Luzula parviflora","Luzula","parviflora","Juncaceae"
"Luzula spicata","Luzula","spicata","Juncaceae"
"Triglochin palustris","Triglochin","palustris","Juncaginaceae"
"Agastache urticifolia","Agastache","urticifolia","Lamiaceae"
"Dracocephalum parviflorum","Dracocephalum","parviflorum","Lamiaceae"
"Mentha arvensis","Mentha","arvensis","Lamiaceae"
"Monardella odoratissima","Monardella","odoratissima","Lamiaceae"
"Prunella vulgaris","Prunella","vulgaris","Lamiaceae"
"Utricularia minor","Utricularia","minor","Lentibulariaceae"
"Allium brandegeei","Allium","brandegeei","Amaryllidaceae"
"Galium trifidum","Galium","trifidum","Rubiaceae"
"Allium cernuum","Allium","cernuum","Amaryllidaceae"
"Allium geyeri","Allium","geyeri","Amaryllidaceae"
"Calochortus gunnisonii","Calochortus","gunnisonii","Liliaceae"
"Erythronium grandiflorum","Erythronium","grandiflorum","Liliaceae"
"Gagea serotina","Gagea","serotina","Liliaceae"
"Maianthemum racemosum","Maianthemum","racemosum","Asparagaceae"
"Maianthemum stellatum","Maianthemum","stellatum","Asparagaceae"
"Streptopus amplexifolius","Streptopus","amplexifolius","Liliaceae"
"Veratrum californicum","Veratrum","californicum","Melanthiaceae"
"Veratrum tenuipetalum","Veratrum","tenuipetalum","Melanthiaceae"
"Anticlea elegans","Anticlea","elegans","Melanthiaceae"
"Floerkea proserpinacoides","Floerkea","proserpinacoides","Limnanthaceae"
"Linum lewisii","Linum","lewisii","Linaceae"
"Adenolinum lewisii","Adenolinum","lewisii",NA
"Malva neglecta","Malva","neglecta","Malvaceae"
"Sidalcea candida","Sidalcea","candida","Malvaceae"
"Sidalcea neomexicana","Sidalcea","neomexicana","Malvaceae"
"Menyanthes trifoliata","Menyanthes","trifoliata","Menyanthaceae"
"Chamaenerion angustifolium","Chamaenerion","angustifolium","Onagraceae"
"Chamaenerion latifolium","Chamaenerion","latifolium","Onagraceae"
"Epilobium anagallidifolium","Epilobium","anagallidifolium","Onagraceae"
"Epilobium brachycarpum","Epilobium","brachycarpum","Onagraceae"
"Epilobium ciliatum","Epilobium","ciliatum","Onagraceae"
"Epilobium clavatum","Epilobium","clavatum","Onagraceae"
"Epilobium hallianum","Epilobium","hallianum","Onagraceae"
"Epilobium hornemannii","Epilobium","hornemannii","Onagraceae"
"Epilobium lactiflorum","Epilobium","lactiflorum","Onagraceae"
"Epilobium saximontanum","Epilobium","saximontanum","Onagraceae"
"Gayophytum diffusum","Gayophytum","diffusum","Onagraceae"
"Gayophytum ramosissimum","Gayophytum","ramosissimum","Onagraceae"
"Oenothera flava","Oenothera","flava","Onagraceae"
"Oenothera elata","Oenothera","elata","Onagraceae"
"Oenothera villosa","Oenothera","villosa","Onagraceae"
"Calypso bulbosa","Calypso","bulbosa","Orchidaceae"
"Dactylorhiza viridis","Dactylorhiza","viridis","Orchidaceae"
"Corallorhiza trifida","Corallorhiza","trifida","Orchidaceae"
"Goodyera oblongifolia","Goodyera","oblongifolia","Orchidaceae"
"Listera borealis","Listera","borealis","Orchidaceae"
"Neottia cordata","Neottia","cordata","Orchidaceae"
"Platanthera aquilonis","Platanthera","aquilonis","Orchidaceae"
"Platanthera hyperborea","Platanthera","hyperborea","Orchidaceae"
"Platanthera dilatata","Platanthera","dilatata","Orchidaceae"
"Platanthera obtusata","Platanthera","obtusata","Orchidaceae"
"Platanthera purpurascens","Platanthera","purpurascens","Orchidaceae"
"Platanthera stricta","Platanthera","stricta","Orchidaceae"
"Spiranthes romanzoffiana","Spiranthes","romanzoffiana","Orchidaceae"
"Aphyllon fasciculatum","Aphyllon","fasciculatum","Orobanchaceae"
"Phrynium fasciculatum","Phrynium","fasciculatum","Marantaceae"
"Aphyllon uniflorum","Aphyllon","uniflorum","Orobanchaceae"
"Papaver nudicaule","Papaver","nudicaule","Papaveraceae"
"Parnassia fimbriata","Parnassia","fimbriata","Celastraceae"
"Plantago lanceolata","Plantago","lanceolata","Plantaginaceae"
"Plantago major","Plantago","major","Plantaginaceae"
"Plantago tweedyi","Plantago","tweedyi","Plantaginaceae"
"Agrostis exarata","Agrostis","exarata","Poaceae"
"Agrostis gigantea","Agrostis","gigantea","Poaceae"
"Agrostis scabra","Agrostis","scabra","Poaceae"
"Agrostis stolonifera","Agrostis","stolonifera","Poaceae"
"Alopecurus aequalis","Alopecurus","aequalis","Poaceae"
"Alopecurus pratensis","Alopecurus","pratensis","Poaceae"
"Arrhenatherum elatius","Arrhenatherum","elatius","Poaceae"
"Beckmannia syzigachne","Beckmannia","syzigachne","Poaceae"
"Muhlenbergia tricholepis","Muhlenbergia","tricholepis","Poaceae"
"Bromus anomalus","Bromus","anomalus","Poaceae"
"Bromus porteri","Bromus","porteri","Poaceae"
"Bromus carinatus","Bromus","carinatus","Poaceae"
"Bromus ciliatus","Bromus","ciliatus","Poaceae"
"Bromus inermis","Bromus","inermis","Poaceae"
"Bromus tectorum","Bromus","tectorum","Poaceae"
"Calamagrostis canadensis","Calamagrostis","canadensis","Poaceae"
"Calamagrostis stricta subsp. inexpansa","Calamagrostis","stricta","Poaceae"
"Calamagrostis neglecta","Calamagrostis","neglecta","Poaceae"
"Calamagrostis purpurascens","Calamagrostis","purpurascens","Poaceae"
"Calamagrostis scopulorum","Calamagrostis","scopulorum","Poaceae"
"Catabrosa aquatica","Catabrosa","aquatica","Poaceae"
"Cinna latifolia","Cinna","latifolia","Poaceae"
"Dactylis glomerata","Dactylis","glomerata","Poaceae"
"Danthonia intermedia","Danthonia","intermedia","Poaceae"
"Vahlodea atropurpurea","Vahlodea","atropurpurea","Poaceae"
"Deschampsia cespitosa","Deschampsia","cespitosa","Poaceae"
"Elymus elymoides","Elymus","elymoides","Poaceae"
"Elymus glaucus","Elymus","glaucus","Poaceae"
"Thinopyrum intermedium","Thinopyrum","intermedium","Poaceae"
"Elymus saundersii","Elymus","saundersii","Poaceae"
"Elymus scribneri","Elymus","scribneri","Poaceae"
"Elymus trachycaulus","Elymus","trachycaulus","Poaceae"
"Festuca arundinacea","Festuca","arundinacea","Poaceae"
"Festuca idahoensis","Festuca","idahoensis","Poaceae"
"Festuca brachyphylla","Festuca","brachyphylla","Poaceae"
"Festuca rubra","Festuca","rubra","Poaceae"
"Festuca thurberi","Festuca","thurberi","Poaceae"
"Glyceria elata","Glyceria","elata","Poaceae"
"Glyceria striata","Glyceria","striata","Poaceae"
"Hordeum brachyantherum","Hordeum","brachyantherum","Poaceae"
"Koeleria macrantha","Koeleria","macrantha","Poaceae"
"Melica spectabilis","Melica","spectabilis","Poaceae"
"Muhlenbergia filiformis","Muhlenbergia","filiformis","Poaceae"
"Muhlenbergia montana","Muhlenbergia","montana","Poaceae"
"Phalaris arundinacea","Phalaris","arundinacea","Poaceae"
"Phleum alpinum","Phleum","alpinum","Poaceae"
"Alopecurus gerardii","Alopecurus","gerardii","Poaceae"
"Phleum pratense","Phleum","pratense","Poaceae"
"Poa alpina","Poa","alpina","Poaceae"
"Poa annua","Poa","annua","Poaceae"
"Poa arctica","Poa","arctica","Poaceae"
"Poa bulbosa","Poa","bulbosa","Poaceae"
"Poa cusickii","Poa","cusickii","Poaceae"
"Poa fendleriana","Poa","fendleriana","Poaceae"
"Poa glauca","Poa","glauca","Poaceae"
"Poa interior","Poa","interior","Poaceae"
"Poa nemoralis","Poa","nemoralis","Poaceae"
"Poa leptocoma","Poa","leptocoma","Poaceae"
"Poa nervosa","Poa","nervosa","Poaceae"
"Poa occidentalis","Poa","occidentalis","Poaceae"
"Poa palustris","Poa","palustris","Poaceae"
"Poa pattersonii","Poa","pattersonii","Poaceae"
"Poa abbreviata","Poa","abbreviata","Poaceae"
"Poa pratensis","Poa","pratensis","Poaceae"
"Poa reflexa","Poa","reflexa","Poaceae"
"Poa tracyi","Poa","tracyi","Poaceae"
"Achnatherum nelsonii","Achnatherum","nelsonii","Poaceae"
"Achnatherum lettermanii","Achnatherum","lettermanii","Poaceae"
"Torreyochloa pallida","Torreyochloa","pallida","Poaceae"
"Trisetum montanum","Trisetum","montanum","Poaceae"
"Trisetum spicatum","Trisetum","spicatum","Poaceae"
"Graphephorum wolfii","Graphephorum","wolfii","Poaceae"
"Collomia linearis","Collomia","linearis","Polemoniaceae"
"Ipomopsis aggregata","Ipomopsis","aggregata","Polemoniaceae"
"Phlox condensata","Phlox","condensata","Polemoniaceae"
"Polemonium confertum","Polemonium","confertum","Polemoniaceae"
"Polemonium foliosissimum","Polemonium","foliosissimum","Polemoniaceae"
"Polemonium occidentale","Polemonium","occidentale","Polemoniaceae"
"Polemonium caeruleum","Polemonium","caeruleum","Polemoniaceae"
"Polemonium pulcherrimum","Polemonium","pulcherrimum","Polemoniaceae"
"Polemonium viscosum","Polemonium","viscosum","Polemoniaceae"
"Eriogonum coloradense","Eriogonum","coloradense","Polygonaceae"
"Eriogonum lonchophyllum","Eriogonum","lonchophyllum","Polygonaceae"
"Eriogonum umbellatum","Eriogonum","umbellatum","Polygonaceae"
"Oxyria digyna","Oxyria","digyna","Polygonaceae"
"Polygonum aviculare","Polygonum","aviculare","Polygonaceae"
"Polygonum arenastrum","Polygonum","arenastrum","Polygonaceae"
"Bistorta bistortoides","Bistorta","bistortoides","Polygonaceae"
"Polygonum douglasii","Polygonum","douglasii","Polygonaceae"
"Polygonum polygaloides","Polygonum","polygaloides","Polygonaceae"
"Bistorta vivipara","Bistorta","vivipara","Polygonaceae"
"Rumex acetosella","Rumex","acetosella","Polygonaceae"
"Rumex aquaticus","Rumex","aquaticus","Polygonaceae"
"Rumex crispus","Rumex","crispus","Polygonaceae"
"Rumex densiflorus","Rumex","densiflorus","Polygonaceae"
"Rumex salicifolius","Rumex","salicifolius","Polygonaceae"
"Rumex triangulivalvis","Rumex","triangulivalvis","Polygonaceae"
"Claytonia lanceolata","Claytonia","lanceolata","Montiaceae"
"Claytonia megarhiza","Claytonia","megarhiza","Montiaceae"
"Lewisia pygmaea","Lewisia","pygmaea","Montiaceae"
"Lewisia triphylla","Lewisia","triphylla","Montiaceae"
"Montia chamissoi","Montia","chamissoi","Montiaceae"
"Potamogeton pusillus","Potamogeton","pusillus","Potamogetonaceae"
"Androsace occidentalis","Androsace","occidentalis","Primulaceae"
"Androsace septentrionalis","Androsace","septentrionalis","Primulaceae"
"Primula pauciflora","Primula","pauciflora","Primulaceae"
"Primula parryi","Primula","parryi","Primulaceae"
"Aconitum columbianum","Aconitum","columbianum","Ranunculaceae"
"Actaea rubra","Actaea","rubra","Ranunculaceae"
"Anemone multifida","Anemone","multifida","Ranunculaceae"
"Anemone narcissiflora","Anemone","narcissiflora","Ranunculaceae"
"Anemone parviflora","Anemone","parviflora","Ranunculaceae"
"Anemone patens","Anemone","patens","Ranunculaceae"
"Aquilegia coerulea","Aquilegia","coerulea","Ranunculaceae"
"Aquilegia elegantula","Aquilegia","elegantula","Ranunculaceae"
"Caltha leptosepala","Caltha","leptosepala","Ranunculaceae"
"Delphinium barbeyi","Delphinium","barbeyi","Ranunculaceae"
"Delphinium nuttallianum","Delphinium","nuttallianum","Ranunculaceae"
"Myosurus minimus","Myosurus","minimus","Ranunculaceae"
"Ranunculus alismifolius","Ranunculus","alismifolius","Ranunculaceae"
"Halerpestes cymbalaria","Halerpestes","cymbalaria","Ranunculaceae"
"Ranunculus eschscholtzii","Ranunculus","eschscholtzii","Ranunculaceae"
"Ranunculus flammula","Ranunculus","flammula","Ranunculaceae"
"Ranunculus reptans","Ranunculus","reptans","Ranunculaceae"
"Ranunculus inamoenus","Ranunculus","inamoenus","Ranunculaceae"
"Ranunculus macauleyi","Ranunculus","macauleyi","Ranunculaceae"
"Ranunculus macounii","Ranunculus","macounii","Ranunculaceae"
"Ranunculus pedatifidus","Ranunculus","pedatifidus","Ranunculaceae"
"Ranunculus uncinatus","Ranunculus","uncinatus","Ranunculaceae"
"Thalictrum alpinum","Thalictrum","alpinum","Ranunculaceae"
"Thalictrum fendleri","Thalictrum","fendleri","Ranunculaceae"
"Trollius albiflorus","Trollius","albiflorus","Ranunculaceae"
"Amelanchier alnifolia","Amelanchier","alnifolia","Rosaceae"
"Dryas octopetala","Dryas","octopetala","Rosaceae"
"Fragaria vesca","Fragaria","vesca","Rosaceae"
"Fragaria virginiana","Fragaria","virginiana","Rosaceae"
"Geum macrophyllum","Geum","macrophyllum","Rosaceae"
"Geum rivale","Geum","rivale","Rosaceae"
"Geum triflorum","Geum","triflorum","Rosaceae"
"Geum rossii","Geum","rossii","Rosaceae"
"Potentilla gordonii","Potentilla","gordonii","Rosaceae"
"Holodiscus dumosus","Holodiscus","dumosus","Rosaceae"
"Holodiscus discolor","Holodiscus","discolor","Rosaceae"
"Petrophytum caespitosum","Petrophytum","caespitosum","Rosaceae"
"Potentilla anserina","Potentilla","anserina","Rosaceae"
"Drymocallis arguta","Drymocallis","arguta","Rosaceae"
"Potentilla concinna","Potentilla","concinna","Rosaceae"
"Potentilla diversifolia","Potentilla","diversifolia","Rosaceae"
"Dasiphora fruticosa","Dasiphora","fruticosa","Rosaceae"
"Potentilla gracilis","Potentilla","gracilis","Rosaceae"
"Potentilla pulcherrima","Potentilla","pulcherrima","Rosaceae"
"Potentilla hippiana","Potentilla","hippiana","Rosaceae"
"Potentilla nivea","Potentilla","nivea","Rosaceae"
"Potentilla rubricaulis","Potentilla","rubricaulis","Rosaceae"
"Rosa woodsii","Rosa","woodsii","Rosaceae"
"Rubus idaeus","Rubus","idaeus","Rosaceae"
"Rubus parviflorus","Rubus","parviflorus","Rosaceae"
"Sibbaldia procumbens","Sibbaldia","procumbens","Rosaceae"
"Sorbus scopulina","Sorbus","scopulina","Rosaceae"
"Spiraea douglasii","Spiraea","douglasii","Rosaceae"
"Galium bifolium","Galium","bifolium","Rubiaceae"
"Galium boreale","Galium","boreale","Rubiaceae"
"Galium septentrionale","Galium","septentrionale","Rubiaceae"
"Galium triflorum","Galium","triflorum","Rubiaceae"
"Galium verum","Galium","verum","Rubiaceae"
"Populus balsamifera","Populus","balsamifera","Salicaceae"
"Populus tremuloides","Populus","tremuloides","Salicaceae"
"Salix arctica","Salix","arctica","Salicaceae"
"Salix bebbiana","Salix","bebbiana","Salicaceae"
"Salix boothii","Salix","boothii","Salicaceae"
"Salix brachycarpa","Salix","brachycarpa","Salicaceae"
"Salix drummondiana","Salix","drummondiana","Salicaceae"
"Salix eriocephala","Salix","eriocephala","Salicaceae"
"Salix lutea","Salix","lutea","Salicaceae"
"Salix exigua","Salix","exigua","Salicaceae"
"Salix glauca","Salix","glauca","Salicaceae"
"Salix lasiandra","Salix","lasiandra","Salicaceae"
"Salix lucida","Salix","lucida","Salicaceae"
"Salix monticola","Salix","monticola","Salicaceae"
"Salix pseudomonticola","Salix","pseudomonticola","Salicaceae"
"Salix planifolia","Salix","planifolia","Salicaceae"
"Salix reticulata","Salix","reticulata","Salicaceae"
"Salix wolfii","Salix","wolfii","Salicaceae"
"Heuchera parvifolia","Heuchera","parvifolia","Saxifragaceae"
"Lithophragma glabrum","Lithophragma","glabrum","Saxifragaceae"
"Pectiantia pentandra","Pectiantia","pentandra","Saxifragaceae"
"Mitella stauropetala","Mitella","stauropetala","Saxifragaceae"
"Saxifraga adscendens","Saxifraga","adscendens","Saxifragaceae"
"Saxifraga bronchialis","Saxifraga","bronchialis","Saxifragaceae"
"Saxifraga cernua","Saxifraga","cernua","Saxifragaceae"
"Saxifraga cespitosa","Saxifraga","cespitosa","Saxifragaceae"
"Acacia delicatula","Acacia","delicatula","Fabaceae"
"Myrcia micropetala","Myrcia","micropetala","Myrtaceae"
"Saxifraga flagellaris","Saxifraga","flagellaris","Saxifragaceae"
"Saxifraga platysepala","Saxifraga","platysepala","Saxifragaceae"
"Micranthes odontoloma","Micranthes","odontoloma","Saxifragaceae"
"Saxifraga rivularis","Saxifraga","rivularis","Saxifragaceae"
"Carex dacica","Carex","dacica","Cyperaceae"
"Micranthes oregana","Micranthes","oregana","Saxifragaceae"
"Micranthes rhomboidea","Micranthes","rhomboidea","Saxifragaceae"
"Sullivantia hapemanii","Sullivantia","hapemanii","Saxifragaceae"
"Veronica besseya","Veronica","besseya","Plantaginaceae"
"Castilleja linariifolia","Castilleja","linariifolia","Orobanchaceae"
"Castilleja miniata","Castilleja","miniata","Orobanchaceae"
"Castilleja occidentalis","Castilleja","occidentalis","Orobanchaceae"
"Castilleja rhexiifolia","Castilleja","rhexiifolia","Orobanchaceae"
"Castilleja sulphurea","Castilleja","sulphurea","Orobanchaceae"
"Chionophila jamesii","Chionophila","jamesii","Plantaginaceae"
"Collinsia parviflora","Collinsia","parviflora","Plantaginaceae"
"Limosella aquatica","Limosella","aquatica","Plantaginaceae"
"Linaria vulgaris","Linaria","vulgaris","Plantaginaceae"
"Erythranthe guttata","Erythranthe","guttata","Phrymaceae"
"Orthocarpus luteus","Orthocarpus","luteus","Orobanchaceae"
"Pedicularis crenulata","Pedicularis","crenulata","Orobanchaceae"
"Pedicularis groenlandica","Pedicularis","groenlandica","Orobanchaceae"
"Pedicularis parryi","Pedicularis","parryi","Orobanchaceae"
"Pedicularis bracteosa","Pedicularis","bracteosa","Orobanchaceae"
"Pedicularis procera","Pedicularis","procera","Orobanchaceae"
"Pedicularis racemosa","Pedicularis","racemosa","Orobanchaceae"
"Pedicularis sylvatica","Pedicularis","sylvatica","Orobanchaceae"
"Pedicularis scopulorum","Pedicularis","scopulorum","Orobanchaceae"
"Penstemon crandallii","Penstemon","crandallii","Plantaginaceae"
"Penstemon caespitosus","Penstemon","caespitosus","Plantaginaceae"
"Penstemon harbourii","Penstemon","harbourii","Plantaginaceae"
"Penstemon rydbergii","Penstemon","rydbergii","Plantaginaceae"
"Penstemon strictus","Penstemon","strictus","Plantaginaceae"
"Penstemon whippleanus","Penstemon","whippleanus","Plantaginaceae"
"Veronica americana","Veronica","americana","Plantaginaceae"
"Veronica peregrina","Veronica","peregrina","Plantaginaceae"
"Veronica serpyllifolia","Veronica","serpyllifolia","Plantaginaceae"
"Veronica wormskjoldii","Veronica","wormskjoldii","Plantaginaceae"
"Sparganium emersum","Sparganium","emersum","Typhaceae"
"Urtica dioica","Urtica","dioica","Urticaceae"
"Urtica gracilis","Urtica","gracilis","Urticaceae"
"Valeriana acutiloba","Valeriana","acutiloba","Caprifoliaceae"
"Valeriana capitata","Valeriana","capitata","Caprifoliaceae"
"Valeriana edulis","Valeriana","edulis","Caprifoliaceae"
"Valeriana occidentalis","Valeriana","occidentalis","Caprifoliaceae"
"Viola adunca","Viola","adunca","Violaceae"
"Viola canadensis","Viola","canadensis","Violaceae"
"Viola labradorica","Viola","labradorica","Violaceae"
"Viola macloskeyi","Viola","macloskeyi","Violaceae"
"Viola nephrophylla","Viola","nephrophylla","Violaceae"
"Viola sororia","Viola","sororia","Violaceae"
"Viola nuttallii","Viola","nuttallii","Violaceae"
"Viola palustris","Viola","palustris","Violaceae"
"Viola praemorsa","Viola","praemorsa","Violaceae"
